BU(CN),REPTagName,REPTrtyCode,REPKCode,YM,FamilyNameE,Actual,Target,A/T,flag,weight,奖金基数,备注,count,人均生产力,指标,指标值,低指标flag,AT系数,月均实际销售额,贡献率系数,达成贡献奖,曲线编号
CVRM,CV_C(B+C),,MR_C40016_V,202001,Brilinta,112435,174598,0.643965,FALSE,0.7,0,结构内起奖不通过0.552595<0.6,1,230000,0.1,0.629688,,,,,,
CVRM,CV_C(B+C),,MR_C40016_V,202001,Crestor,40648,102679,0.395875,FALSE,0.3,0,单产品起奖不通过,1,230000,0.1,0.370312,,,,,,
CVRM,CV_C(B+C),,MR_C40043_V,202001,Crestor,427517,313128,1.365311,,1,6600,,1,230000,0.1,0.990879,,1.775518,427517,1.85877,21781.83759,A4
CVRM,CV_C(B+C),,KCWS709,202001,Brilinta,246332,178259,1.381877,,0.7,6600,,1,230000,0.1,0.610512,,1.803128,448527,1.950117,16245.36006,A4
CVRM,CV_C(B+C),,KCWS709,202001,Crestor,202195,113724,1.777945,,0.3,6600,,1,230000,0.1,0.389488,,2,448527,1.950117,7722.46487,
CVRM,CV_C(B+C),,KSNX308,202001,Brilinta,149544,148958,1.003934,,0.7,6600,,1,230000,0.1,0.525735,,1.009835,362243,1.57497,7347.922292,A3
CVRM,CV_C(B+C),,KSNX308,202001,Crestor,212699,134375,1.582876,,0.3,6600,,1,230000,0.1,0.474265,,2,362243,1.57497,6236.879478,
CVRM,CV_C(B+C),,KJGB657,202001,Brilinta,136103,118316,1.150335,,0.7,6600,,1,230000,0.1,0.602595,,1.375837,215294,0.936061,5949.945251,A3
CVRM,CV_C(B+C),,KJGB657,202001,Crestor,79191,78028,1.014905,,0.3,6600,,1,230000,0.1,0.397405,,1.037262,215294,0.936061,1922.462423,A3
CVRM,CV_C(B+C),,KVXR420,202001,Brilinta,308988,305586,1.011133,,0.7,6600,,1,230000,0.1,0.59427,,1.027832,530106,2,9497.165577,A3
CVRM,CV_C(B+C),,KVXR420,202001,Crestor,221118,208635,1.059832,,0.3,6600,,1,230000,0.1,0.40573,,1.149579,530106,2,4552.33446,A3
CVRM,CV_C(B+C),,KQFF447,202001,Brilinta,190138,186914,1.017249,,0.7,6600,,1,230000,0.1,0.479343,,1.043121,424077,1.843813,8885.742598,A3
CVRM,CV_C(B+C),,KQFF447,202001,Crestor,233939,203024,1.152273,,0.3,6600,,1,230000,0.1,0.520657,,1.380682,424077,1.843813,5040.52309,A3
CVRM,CV_C(B+C),,KPMT492,202001,Brilinta,198312,106945,1.854336,,0.7,6600,,1,230000,0.1,0.357898,,2,321916,1.399635,12932.62539,
CVRM,CV_C(B+C),,KPMT492,202001,Crestor,123604,191869,0.64421,,0.3,6600,,1,230000,0.1,0.642102,,0.522105,321916,1.399635,1446.898026,A1
CVRM,CV_C(B+C),,KJWG203,202001,Brilinta,108419,108464,0.999585,,0.7,6600,,1,230000,0.1,0.616683,,0.99917,140603,0.7,3231.316529,A2
CVRM,CV_C(B+C),,KJWG203,202001,Crestor,32184,67419,0.477373,FALSE,0.3,0,单产品起奖不通过,1,230000,0.1,0.383317,,,140603,,,
CVRM,CV_C(B+C),,MR_C40402_V,202001,Brilinta,1011,136088,0.007429,FALSE,0.7,0,单产品起奖不通过,1,230000,0.1,0.603026,,,,,,
CVRM,CV_C(B+C),,MR_C40402_V,202001,Crestor,73440,89587,0.819762,FALSE,0.3,0,结构内起奖不通过0.329904<0.6,1,230000,0.1,0.396974,,,,,,
CVRM,CV_C(B+C),,KHBH842,202001,Brilinta,274995,202464,1.358241,,0.7,6600,,1,230000,0.1,0.693588,,1.763736,273686,1.189939,9696.170552,A4
CVRM,CV_C(B+C),,KHBH842,202001,Crestor,-1309,89444,-0.014635,FALSE,0.3,0,单产品起奖不通过,1,230000,0.1,0.306412,,,273686,,,
CVRM,CV_C(B+C),,KQJD476,202001,Brilinta,93465,84926,1.100546,,0.7,6600,,1,230000,0.1,0.313796,,1.251366,173738,0.755383,4367.101358,A3
CVRM,CV_C(B+C),,KQJD476,202001,Crestor,80273,185715,0.432238,FALSE,0.3,0,单产品起奖不通过,1,230000,0.1,0.686204,,,173738,,,
CVRM,CV_C(B+C),,KGQK202,202001,Brilinta,61479,90693,0.67788,,0.7,6600,,1,230000,0.1,0.34874,,0.53894,421346,1.831939,4561.351731,A1
CVRM,CV_C(B+C),,KGQK202,202001,Crestor,359867,169366,2.124789,,0.3,6600,,1,230000,0.1,0.65126,,2,421346,1.831939,7254.478957,
CVRM,CV_C(B+C),,KSHR329,202001,Brilinta,135420,117150,1.155954,,0.7,6600,,1,230000,0.1,0.533429,,1.389885,219630,0.954913,6131.752192,A3
CVRM,CV_C(B+C),,KSHR329,202001,Crestor,84210,102467,0.821826,,0.3,6600,,1,230000,0.1,0.466571,,0.643651,219630,0.954913,1216.969096,A2
CVRM,CV_C(B+C),,KVWJ036,202001,Brilinta,107893,266544,0.404785,FALSE,0.7,0,单产品起奖不通过,1,230000,0.1,0.571612,,,386519,,,
CVRM,CV_C(B+C),,KVWJ036,202001,Crestor,278626,199758,1.394818,,0.3,6600,,1,230000,0.1,0.428388,,1.824696,386519,1.680517,6071.538774,A4
CVRM,CV_C(B+C),,KKGZ617,202001,Brilinta,155277,248642,0.6245,FALSE,0.7,0,结构内起奖不通过0.592544<0.6,1,230000,0.1,0.590694,,,,,,
CVRM,CV_C(B+C),,KKGZ617,202001,Crestor,93280,172290,0.541413,FALSE,0.3,0,单产品起奖不通过,1,230000,0.1,0.409306,,,,,,
CVRM,CV_C(B+C),,KDBS376,202001,Brilinta,141896,150451,0.943138,,0.7,6600,,1,230000,0.1,0.548291,,0.886275,476375,2,8189.183455,A2
CVRM,CV_C(B+C),,KDBS376,202001,Crestor,334479,123949,2.698521,,0.3,6600,,1,230000,0.1,0.451709,,2,476375,2,7920,
CVRM,CV_C(B+C),,MR_C40650_V,202001,Brilinta,151206,168759,0.895988,,0.7,6600,,1,230000,0.1,0.836592,,0.791976,151206,0.7,2561.248893,A2
CVRM,CV_C(B+C),,MR_C40650_V,202001,Crestor,0,32963,0,FALSE,0.3,0,单产品起奖不通过,1,230000,0.1,0.163408,,,151206,,,
CVRM,CV_C(B+C),,KDDP288,202001,Brilinta,138524,133311,1.039104,,0.7,6600,,1,230000,0.1,0.774929,,1.09776,202584,0.8808,4467.110885,A3
CVRM,CV_C(B+C),,KDDP288,202001,Crestor,64060,38719,1.654485,,0.3,6600,,1,230000,0.1,0.225071,,2,202584,0.8808,3487.968,
CVRM,CV_C(B+C),,KTNT696,202001,Brilinta,100446,90893,1.105102,,0.7,6600,,1,230000,0.1,0.4846,,1.262754,285068,1.239426,7230.716993,A3
CVRM,CV_C(B+C),,KTNT696,202001,Crestor,184622,96670,1.909817,,0.3,6600,,1,230000,0.1,0.5154,,2,285068,1.239426,4908.127304,
CVRM,CV_C(B+C),,KJJK556,202001,Brilinta,32484,371404,0.087463,FALSE,0.7,0,单产品起奖不通过,1,230000,0.1,0.767158,,,292074,,,
CVRM,CV_C(B+C),,KJJK556,202001,Crestor,259590,112726,2.302841,,0.3,6600,,1,230000,0.1,0.232842,,2,292074,1.269887,5028.752348,
CVRM,CV_C(B+C),,KZFG391,202001,Brilinta,20428,301106,0.067843,FALSE,0.7,0,单产品起奖不通过,1,230000,0.1,0.758184,,,,,,
CVRM,CV_C(B+C),,KZFG391,202001,Crestor,123172,96035,1.282574,FALSE,0.3,0,结构内起奖不通过0.364733<0.6,1,230000,0.1,0.241816,,,,,,
CVRM,CV_C(B+C),,KQGW443,202001,Brilinta,107111,64191,1.66863,,0.7,6600,,1,230000,0.1,0.691482,,2,127391,0.7,6468,
CVRM,CV_C(B+C),,KQGW443,202001,Crestor,20280,28640,0.708101,,0.3,6600,,1,230000,0.1,0.308518,,0.55405,127391,0.7,767.913687,A1
CVRM,CV_C(B+C),,MR_C40817_V,202001,Brilinta,109084,161153,0.676897,FALSE,0.7,0,结构内起奖不通过0.356365<0.6,1,230000,0.1,0.526468,,,,,,
CVRM,CV_C(B+C),,MR_C40817_V,202001,Crestor,0,144949,0,FALSE,0.3,0,单产品起奖不通过,1,230000,0.1,0.473532,,,,,,
CVRM,CV_C(B+C),,KNFP954,202001,Brilinta,199310,178789,1.114778,,0.7,6600,,1,230000,0.1,0.882917,,1.286944,267010,1.160913,6902.421026,A3
CVRM,CV_C(B+C),,KNFP954,202001,Crestor,67700,23709,2.855456,,0.3,6600,,1,230000,0.1,0.117083,,2,267010,1.160913,4597.215652,
CVRM,CV_C(B+C),,KMHS535,202001,Brilinta,181201,211167,0.858093,,0.7,6600,,1,230000,0.1,0.915165,,0.716187,208597,0.906943,3000.87882,A2
CVRM,CV_C(B+C),,KMHS535,202001,Crestor,27396,19575,1.39954,,0.3,6600,,1,230000,0.1,0.084835,,1.832567,208597,0.906943,3290.828774,A4
CVRM,CV_C(B+C),,KQZH643,202001,Brilinta,56153,98650,0.569214,FALSE,0.7,0,单产品起奖不通过,1,230000,0.1,0.455271,,,230899,,,
CVRM,CV_C(B+C),,KQZH643,202001,Crestor,174746,118034,1.480472,,0.3,6600,,1,230000,0.1,0.544729,,1.967453,230899,1.003909,3910.78325,A4
CVRM,CV_C(B+C),,KGLF893,202001,Brilinta,120602,159870,0.754375,,0.7,6600,,1,230000,0.1,0.560177,,0.577188,297100,1.291739,3444.560922,A1
CVRM,CV_C(B+C),,KGLF893,202001,Crestor,176498,125522,1.406112,,0.3,6600,,1,230000,0.1,0.439823,,1.84352,297100,1.291739,4715.067229,A4
CVRM,CV_C(B+C),,KFPW036,202001,Brilinta,284347,176887,1.607506,,0.7,6600,,1,230000,0.1,0.444006,,2,423181,1.839917,17000.8367,
CVRM,CV_C(B+C),,KFPW036,202001,Crestor,138834,221502,0.626784,,0.3,6600,,1,230000,0.1,0.555994,,0.513392,423181,1.839917,1870.306505,A1
CVRM,CV_C(B+C),,KDZX845,202001,Brilinta,64138,152247,0.421276,FALSE,0.7,0,单产品起奖不通过,1,230000,0.1,0.303796,,,390011,,,
CVRM,CV_C(B+C),,KDZX845,202001,Crestor,325873,348901,0.933998,,0.3,6600,,1,230000,0.1,0.696204,,0.867997,390011,1.6957,2914.287571,A2
CVRM,CV_C(B+C),,KXVC238,202001,Brilinta,163613,142772,1.145974,,0.7,6600,,1,230000,0.1,0.618219,,1.364935,277396,1.20607,7605.474323,A3
CVRM,CV_C(B+C),,KXVC238,202001,Crestor,113783,88169,1.29051,,0.3,6600,,1,230000,0.1,0.381781,,1.65085,277396,1.20607,3942.260159,A4
CVRM,CV_C(B+C),,KCTV243,202001,Brilinta,133850,159707,0.838097,,0.7,6600,,1,230000,0.1,0.435937,,0.676195,302372,1.314661,4107.025186,A2
CVRM,CV_C(B+C),,KCTV243,202001,Crestor,168522,206646,0.815511,,0.3,6600,,1,230000,0.1,0.564063,,0.631021,302372,1.314661,1642.566095,A2
CVRM,CV_C(B+C),,KVTQ246,202001,Brilinta,23304,174780,0.133333,FALSE,0.7,0,单产品起奖不通过,1,230000,0.1,0.700075,,,,,,
CVRM,CV_C(B+C),,KVTQ246,202001,Crestor,72124,74879,0.963207,FALSE,0.3,0,结构内起奖不通过0.382233<0.6,1,230000,0.1,0.299925,,,,,,
CVRM,CV_C(B+C),,KJQW880,202001,Brilinta,224390,135310,1.65834,,0.7,6600,,1,230000,0.1,0.70179,,2,237309,1.031778,9533.63113,
CVRM,CV_C(B+C),,KJQW880,202001,Crestor,12919,57497,0.22469,FALSE,0.3,0,单产品起奖不通过,1,230000,0.1,0.29821,,,237309,,,
CVRM,CV_C(B+C),,MR_C41276_V,202001,Brilinta,43429,118660,0.365995,FALSE,0.7,0,单产品起奖不通过,1,230000,0.1,0.450283,,,219472,,,
CVRM,CV_C(B+C),,MR_C41276_V,202001,Crestor,176043,144863,1.215238,,0.3,6600,,1,230000,0.1,0.549717,,1.525396,219472,0.954226,2882.034632,A4
CVRM,CV_C(B+C),,KPCV775,202001,Brilinta,173199,181051,0.956631,,0.7,6600,,1,230000,0.1,0.648373,,0.913262,314329,1.366648,5766.256832,A2
CVRM,CV_C(B+C),,KPCV775,202001,Crestor,141130,98188,1.437345,,0.3,6600,,1,230000,0.1,0.351627,,1.895574,314329,1.366648,5129.353819,A4
CVRM,CV_C(B+C),,MR_C41303_V,202001,Brilinta,9484,156087,0.060761,FALSE,0.7,0,单产品起奖不通过,1,230000,0.1,0.370108,,,,,,
CVRM,CV_C(B+C),,MR_C41303_V,202001,Crestor,143077,265647,0.538598,FALSE,0.3,0,单产品起奖不通过,1,230000,0.1,0.629892,,,,,,
CVRM,CV_C(B+C),,MR_C41321_V,202001,Brilinta,100930,240697,0.419324,FALSE,0.7,0,单产品起奖不通过,1,230000,0.1,0.888479,,,,,,
CVRM,CV_C(B+C),,MR_C41321_V,202001,Crestor,9378,30212,0.310406,FALSE,0.3,0,单产品起奖不通过,1,230000,0.1,0.111521,,,,,,
CVRM,CV_C(B+C),,MR_C41359_V,202001,Crestor,401181,399716,1.003665,,1,6600,,1,230000,0.1,0.983228,,1.009163,401181,1.744265,11617.63346,A3
CVRM,CV_C(B+C),,MR_C41360_V,202001,Brilinta,112573,172340,0.653203,FALSE,0.7,0,结构内起奖不通过0.586138<0.6,1,230000,0.1,0.668295,,,,,,
CVRM,CV_C(B+C),,MR_C41360_V,202001,Crestor,37854,85540,0.44253,FALSE,0.3,0,单产品起奖不通过,1,230000,0.1,0.331705,,,,,,
CVRM,CV_C(B+C),,KVLW181,202001,Brilinta,214670,248174,0.864998,,0.7,6600,,1,230000,0.1,0.521241,,0.729996,317835,1.381891,4660.540373,A2
CVRM,CV_C(B+C),,KVLW181,202001,Crestor,103165,227947,0.452583,FALSE,0.3,0,单产品起奖不通过,1,230000,0.1,0.478759,,,317835,,,
CVRM,CV_C(B+C),,KNVS040,202001,Brilinta,214670,248162,0.86504,,0.7,6600,,1,230000,0.1,0.518435,,0.73008,321779,1.399039,4718.913514,A2
CVRM,CV_C(B+C),,KNVS040,202001,Crestor,107109,230513,0.464655,FALSE,0.3,0,单产品起奖不通过,1,230000,0.1,0.481565,,,321779,,,
CVRM,CV_C(B+C),,KBQR566,202001,Brilinta,186994,184478,1.013638,,0.7,6600,,1,230000,0.1,0.669806,,1.034096,315271,1.370743,6548.760516,A3
CVRM,CV_C(B+C),,KBQR566,202001,Crestor,128277,90942,1.410536,,0.3,6600,,1,230000,0.1,0.330194,,1.850894,315271,1.370743,5023.459677,A4
CVRM,CV_C(B+C),,KZFQ258,202001,Brilinta,222737,216590,1.028381,,0.7,6600,,1,230000,0.1,0.45032,,1.070952,490602,2,9895.59675,A3
CVRM,CV_C(B+C),,KZFQ258,202001,Crestor,267865,264379,1.013186,,0.3,6600,,1,230000,0.1,0.54968,,1.032964,490602,2,4090.537599,A3
CVRM,CV_C(B+C),,KKMB884,202001,Brilinta,214823,191154,1.123822,,0.7,6600,,1,230000,0.1,0.612889,,1.309554,318613,1.385274,8381.100884,A3
CVRM,CV_C(B+C),,KKMB884,202001,Crestor,103790,120736,0.859644,,0.3,6600,,1,230000,0.1,0.387111,,0.719288,318613,1.385274,1972.894587,A2
CVRM,CV_C(B+C),,KPFH337,202001,Brilinta,61211,91405,0.669668,,0.7,6600,,1,230000,0.1,0.392168,,0.534834,143550,0.7,1729.653093,A1
CVRM,CV_C(B+C),,KPFH337,202001,Crestor,82339,141671,0.581199,FALSE,0.3,0,单产品起奖不通过,1,230000,0.1,0.607832,,,143550,,,
CVRM,CV_C(B+C),,KCJX936,202001,Brilinta,105096,99972,1.051254,,0.7,6600,,1,230000,0.1,0.433869,,1.128136,273473,1.189013,6197.121425,A3
CVRM,CV_C(B+C),,KCJX936,202001,Crestor,168377,130448,1.29076,,0.3,6600,,1,230000,0.1,0.566131,,1.651266,273473,1.189013,3887.485839,A4
CVRM,CV_C(B+C),,KMJM657,202001,Brilinta,60150,113980,0.527724,FALSE,0.7,0,单产品起奖不通过,1,230000,0.1,0.348554,,,260767,,,
CVRM,CV_C(B+C),,KMJM657,202001,Crestor,200617,213028,0.94174,,0.3,6600,,1,230000,0.1,0.651446,,0.88348,260767,1.13377,1983.292454,A2
CVRM,CV_C(B+C),,MR_C41510_V,202001,Brilinta,83163,65529,1.269102,FALSE,0.7,0,结构内起奖不通过0.374315<0.6,1,230000,0.1,0.268717,,,,,,
CVRM,CV_C(B+C),,MR_C41510_V,202001,Crestor,8117,178330,0.045517,FALSE,0.3,0,单产品起奖不通过,1,230000,0.1,0.731283,,,,,,
CVRM,CV_C(B+C),,KLMT787,202001,Brilinta,142801,106313,1.343213,,0.7,6600,,1,230000,0.1,0.350808,,1.738688,368010,1.600043,12852.73298,A4
CVRM,CV_C(B+C),,KLMT787,202001,Crestor,225209,196739,1.144709,,0.3,6600,,1,230000,0.1,0.649192,,1.361774,368010,1.600043,4314.216378,A3
CVRM,CV_C(B+C),,KTWR184,202001,Brilinta,228262,215758,1.057954,,0.7,6600,,1,230000,0.1,0.86849,,1.144885,273446,1.188896,6288.50496,A3
CVRM,CV_C(B+C),,KTWR184,202001,Crestor,45184,32671,1.383,,0.3,6600,,1,230000,0.1,0.13151,,1.805,273446,1.188896,4248.995012,A4
CVRM,CV_C(B+C),,KFCH957,202001,Brilinta,78178,62289,1.255085,,0.7,6600,,1,230000,0.1,0.34895,,1.591809,122177,0.7,5147.909053,A4
CVRM,CV_C(B+C),,KFCH957,202001,Crestor,43999,116215,0.3786,FALSE,0.3,0,单产品起奖不通过,1,230000,0.1,0.65105,,,122177,,,
CVRM,CV_C(B+C),,KWML225,202001,Brilinta,200774,239561,0.838091,,0.7,6600,,1,230000,0.1,0.435937,,0.676183,453556,1.971983,6160.40268,A2
CVRM,CV_C(B+C),,KWML225,202001,Crestor,252782,309970,0.815505,,0.3,6600,,1,230000,0.1,0.564063,,0.631009,453556,1.971983,2463.792539,A2
CVRM,CV_C(B+C),,KBTB429,202001,Brilinta,314,55034,0.005706,FALSE,0.7,0,单产品起奖不通过,1,230000,0.1,0.219464,,,321329,,,
CVRM,CV_C(B+C),,KBTB429,202001,Crestor,321015,195731,1.640083,,0.3,6600,,1,230000,0.1,0.780536,,2,321329,1.397083,5532.44713,
CVRM,CV_C(B+C),,KSVX963,202001,Brilinta,106442,124475,0.855128,,0.7,6600,,1,230000,0.1,0.357677,,0.710255,471880,2,6562.756859,A2
CVRM,CV_C(B+C),,KSVX963,202001,Crestor,365438,223535,1.634813,,0.3,6600,,1,230000,0.1,0.642323,,2,471880,2,7920,
CVRM,CV_C(B+C),,KGDJ839,202001,Crestor,467883,427009,1.095722,,1,6600,,1,230000,0.1,0.976513,,1.239304,467883,2,16358.81398,A3
CVRM,CV_C(B+C),,KGQL278,202001,Brilinta,236297,271954,0.868886,,0.7,6600,,1,230000,0.1,0.47169,,0.737772,374656,1.628939,5552.248556,A2
CVRM,CV_C(B+C),,KGQL278,202001,Crestor,138359,304598,0.454235,FALSE,0.3,0,单产品起奖不通过,1,230000,0.1,0.52831,,,374656,,,
CVRM,CV_C(B+C),,KZRJ765,202001,Brilinta,128608,142202,0.904404,,0.7,6600,,1,230000,0.1,0.809042,,0.808807,140388,0.7,2615.682452,A2
CVRM,CV_C(B+C),,KZRJ765,202001,Crestor,11780,33564,0.350971,FALSE,0.3,0,单产品起奖不通过,1,230000,0.1,0.190958,,,140388,,,
CVRM,CV_C(B+C),,MR_C41760_V,202001,Crestor,102426,479298,0.2137,FALSE,1,0,单产品起奖不通过,1,230000,0.1,0.976449,,,,,,
CVRM,CV_C(B+C),,KTKW725,202001,Brilinta,90557,134381,0.673882,,0.7,6600,,1,230000,0.1,0.435853,,0.536941,283731,1.233613,3060.185021,A1
CVRM,CV_C(B+C),,KTKW725,202001,Crestor,193174,173936,1.110604,,0.3,6600,,1,230000,0.1,0.564147,,1.27651,283731,1.233613,3117.943776,A3
CVRM,CV_C(B+C),,KFQZ592,202001,Brilinta,152452,139923,1.089542,,0.7,6600,,1,230000,0.1,0.564358,,1.223855,262271,1.140309,6447.546331,A3
CVRM,CV_C(B+C),,KFQZ592,202001,Crestor,109819,108010,1.016748,,0.3,6600,,1,230000,0.1,0.435642,,1.041871,262271,1.140309,2352.348309,A3
CVRM,CV_C(B+C),,MR_C41811_V,202001,Brilinta,134590,93328,1.442118,,0.7,6600,,1,230000,0.1,0.503208,,1.90353,135667,0.7,6156.016672,A4
CVRM,CV_C(B+C),,MR_C41811_V,202001,Crestor,1077,92138,0.011689,FALSE,0.3,0,单产品起奖不通过,1,230000,0.1,0.496792,,,135667,,,
CVRM,CV_C(B+C),,KXMK993,202001,Brilinta,245917,178389,1.378544,,0.7,6600,,1,230000,0.1,0.695124,,1.797573,306191,1.331265,11055.87155,A4
CVRM,CV_C(B+C),,KXMK993,202001,Crestor,60274,78240,0.770373,,0.3,6600,,1,230000,0.1,0.304876,,0.585187,306191,1.331265,1542.496375,A1
CVRM,CV_C(B+C),,KMXK521,202001,Brilinta,96373,95214,1.012173,,0.7,6600,,1,230000,0.1,0.546849,,1.030431,224473,0.97597,4646.194168,A3
CVRM,CV_C(B+C),,KMXK521,202001,Crestor,128100,78900,1.623574,,0.3,6600,,1,230000,0.1,0.453151,,2,224473,0.97597,3864.839478,
CVRM,CV_C(B+C),,KFLC753,202001,Brilinta,62061,42513,1.459812,FALSE,0.7,0,结构内起奖不通过0.494921<0.6,1,230000,0.1,0.293564,,,,,,
CVRM,CV_C(B+C),,KFLC753,202001,Crestor,9612,102304,0.093955,FALSE,0.3,0,单产品起奖不通过,1,230000,0.1,0.706436,,,,,,
CVRM,CV_C(B+C),,KVRQ451,202001,Brilinta,323594,279650,1.157139,,0.7,6600,,1,230000,0.1,0.709197,,1.392848,808854,2,12869.9174,A3
CVRM,CV_C(B+C),,KVRQ451,202001,Crestor,485260,114669,4.231832,,0.3,6600,,1,230000,0.1,0.290803,,2,808854,2,7920,
CVRM,CV_C(B+C),,KSJN091,202001,Brilinta,288498,181332,1.590993,,0.7,6600,,1,230000,0.1,0.780345,,2,321525,1.397935,12916.91739,
CVRM,CV_C(B+C),,KSJN091,202001,Crestor,33027,51042,0.647055,,0.3,6600,,1,230000,0.1,0.219655,,0.523528,321525,1.397935,1449.077965,A1
CVRM,CV_C(B+C),,KHTW874,202001,Brilinta,150516,115440,1.303846,,0.7,6600,,1,230000,0.1,0.79374,,1.673077,182389,0.792996,6129.551393,A4
CVRM,CV_C(B+C),,KHTW874,202001,Crestor,31873,29998,1.062504,,0.3,6600,,1,230000,0.1,0.20626,,1.15626,182389,0.792996,1815.480778,A3
CVRM,CV_C(B+C),,KTBF870,202001,Brilinta,150592,114933,1.310259,,0.7,6600,,1,230000,0.1,0.505395,,1.683765,290332,1.262313,9819.526169,A4
CVRM,CV_C(B+C),,KTBF870,202001,Crestor,139740,112479,1.242365,,0.3,6600,,1,230000,0.1,0.494605,,1.570609,290332,1.262313,3925.547789,A4
CVRM,CV_C(B+C),,KSPD691,202001,Brilinta,306135,256009,1.195798,,0.7,6600,,1,230000,0.1,0.824328,,1.489495,383764,1.668539,11481.99302,A3
CVRM,CV_C(B+C),,KSPD691,202001,Crestor,77629,54558,1.422871,,0.3,6600,,1,230000,0.1,0.175672,,1.871452,383764,1.668539,6182.729268,A4
CVRM,CV_C(B+C),,KRCR390,202001,Brilinta,309097,279877,1.104403,,0.7,6600,,1,230000,0.1,0.722804,,1.261008,628240,2,11651.70943,A3
CVRM,CV_C(B+C),,KRCR390,202001,Crestor,319143,107333,2.973391,,0.3,6600,,1,230000,0.1,0.277196,,2,628240,2,7920,
CVRM,CV_C(B+C),,KGVD321,202001,Brilinta,214402,184044,1.16495,,0.7,6600,,1,230000,0.1,0.578371,,1.412374,263250,1.144565,7468.481329,A3
CVRM,CV_C(B+C),,KGVD321,202001,Crestor,48848,134167,0.364084,FALSE,0.3,0,单产品起奖不通过,1,230000,0.1,0.421629,,,263250,,,
CVRM,CV_C(B+C),,KNXC736,202001,Brilinta,23304,174780,0.133333,FALSE,0.7,0,单产品起奖不通过,1,230000,0.1,0.694125,,,,,,
CVRM,CV_C(B+C),,KNXC736,202001,Crestor,74185,77019,0.963204,FALSE,0.3,0,结构内起奖不通过0.38717<0.6,1,230000,0.1,0.305875,,,,,,
CVRM,CV_C(B+C),,KGLH419,202001,Brilinta,24729,70930,0.34864,FALSE,0.7,0,单产品起奖不通过,1,230000,0.1,0.477145,,,,,,
CVRM,CV_C(B+C),,KGLH419,202001,Crestor,9553,77725,0.122908,FALSE,0.3,0,单产品起奖不通过,1,230000,0.1,0.522855,,,,,,
CVRM,CV_C(B+C),,KVJN687,202001,Brilinta,235567,166014,1.418959,,0.7,6600,,1,230000,0.1,0.435881,,1.864931,463852,2,17231.96309,A4
CVRM,CV_C(B+C),,KVJN687,202001,Crestor,228285,214856,1.062502,,0.3,6600,,1,230000,0.1,0.564119,,1.156256,463852,2,4578.773039,A3
CVRM,CV_C(B+C),,KRJD717,202001,Brilinta,452243,378661,1.194322,,0.7,6600,,1,230000,0.1,0.819019,,1.485804,571300,2,13728.82827,A3
CVRM,CV_C(B+C),,KRJD717,202001,Crestor,119057,83674,1.422867,,0.3,6600,,1,230000,0.1,0.180981,,1.871446,571300,2,7410.924301,A4
CVRM,CV_C(B+C),,KPTG396,202001,Brilinta,205457,181586,1.131458,,0.7,6600,,1,230000,0.1,0.713467,,1.328646,421819,1.833996,11257.69658,A3
CVRM,CV_C(B+C),,KPTG396,202001,Crestor,216362,72926,2.966871,,0.3,6600,,1,230000,0.1,0.286533,,2,421819,1.833996,7262.622783,
CVRM,CV_C(B+C),,KQQZ949,202001,Brilinta,246114,172505,1.426706,,0.7,6600,,1,230000,0.1,0.525062,,1.877844,315498,1.37173,11900.63921,A4
CVRM,CV_C(B+C),,KQQZ949,202001,Crestor,69384,156037,0.444664,FALSE,0.3,0,单产品起奖不通过,1,230000,0.1,0.474938,,,315498,,,
CVRM,CV_C(B+C),,KLZP425,202001,Brilinta,151039,154468,0.977801,,0.7,6600,,1,230000,0.1,0.65341,,0.955602,242007,1.052204,4645.359447,A2
CVRM,CV_C(B+C),,KLZP425,202001,Crestor,90968,81935,1.110246,,0.3,6600,,1,230000,0.1,0.34659,,1.275615,242007,1.052204,2657.570763,A3
CVRM,CV_C(B+C),,KGPS940,202001,Brilinta,93880,85693,1.095539,,0.7,6600,,1,230000,0.1,0.598942,,1.238847,173080,0.752522,4307.037313,A3
CVRM,CV_C(B+C),,KGPS940,202001,Crestor,79200,57381,1.380248,,0.3,6600,,1,230000,0.1,0.401058,,1.800413,173080,0.752522,2682.602888,A4
CVRM,CV_C(B+C),,KWSJ371,202001,Brilinta,120602,159870,0.754375,,0.7,6600,,1,230000,0.1,0.560177,,0.577188,297100,1.291739,3444.560922,A1
CVRM,CV_C(B+C),,KWSJ371,202001,Crestor,176498,125522,1.406112,,0.3,6600,,1,230000,0.1,0.439823,,1.84352,297100,1.291739,4715.067229,A4
CVRM,CV_C(B+C),,KVGK299,202001,Brilinta,322350,192808,1.67187,,0.7,6600,,1,230000,0.1,0.73911,,2,390383,1.697317,15683.2127,
CVRM,CV_C(B+C),,KVGK299,202001,Crestor,68033,68057,0.999647,,0.3,6600,,1,230000,0.1,0.26089,,0.999295,390383,1.697317,3358.318171,A2
CVRM,CV_C(B+C),,KRDG607,202001,Brilinta,143245,113298,1.264321,,0.7,6600,,1,230000,0.1,0.832859,,1.607201,202558,0.880687,6539.337501,A4
CVRM,CV_C(B+C),,KRDG607,202001,Crestor,59313,22737,2.608655,,0.3,6600,,1,230000,0.1,0.167141,,2,202558,0.880687,3487.520348,
CVRM,CV_C(B+C),,KZXX399,202001,Brilinta,193234,113482,1.702772,,0.7,6600,,1,230000,0.1,0.717274,,2,276820,1.203565,11120.94261,
CVRM,CV_C(B+C),,KZXX399,202001,Crestor,83586,44731,1.868637,,0.3,6600,,1,230000,0.1,0.282726,,2,276820,1.203565,4766.118261,
CVRM,CV_C(B+C),,KNFX933,202001,Brilinta,516361,216889,2.380762,,0.7,6600,,1,230000,0.1,0.834689,,2,633876,2,18480,
CVRM,CV_C(B+C),,KNFX933,202001,Crestor,117515,42955,2.73577,,0.3,6600,,1,230000,0.1,0.165311,,2,633876,2,7920,
CVRM,CV_C(B+C),,KHVH596,202001,Brilinta,358906,182502,1.966587,,0.7,6600,,1,230000,0.1,0.747699,,2,507226,2,18480,
CVRM,CV_C(B+C),,KHVH596,202001,Crestor,148320,61583,2.408457,,0.3,6600,,1,230000,0.1,0.252301,,2,507226,2,7920,
CVRM,CV_C(B+C),,KGVM343,202001,Brilinta,229688,293479,0.782639,,0.7,6600,,1,230000,0.1,0.659299,,0.591319,321132,1.396226,3814.343367,A1
CVRM,CV_C(B+C),,KGVM343,202001,Crestor,91444,151659,0.602958,,0.3,6600,,1,230000,0.1,0.340701,,0.501479,321132,1.396226,1386.352496,A1
CVRM,CV_C(B+C),,KCWP451,202001,Brilinta,118721,120761,0.983107,,0.7,6600,,1,230000,0.1,0.452288,,0.966214,221327,0.962291,4295.581653,A2
CVRM,CV_C(B+C),,KCWP451,202001,Crestor,102606,146239,0.701632,,0.3,6600,,1,230000,0.1,0.547712,,0.550816,221327,0.962291,1049.490232,A1
CVRM,CV_C(B+C),,MR_C45758_V,202001,Brilinta,56910,76328,0.745598,,0.7,6600,,1,230000,0.1,0.38992,,0.572799,219746,0.955417,2528.350904,A1
CVRM,CV_C(B+C),,MR_C45758_V,202001,Crestor,162836,119425,1.3635,,0.3,6600,,1,230000,0.1,0.61008,,1.7725,219746,0.955417,3353.085436,A4
CVRM,CV_C(B+C),,KHGZ938,202001,Brilinta,295487,386361,0.764795,,0.7,6600,,1,230000,0.1,0.805405,,0.582398,424063,1.843752,4960.940984,A1
CVRM,CV_C(B+C),,KHGZ938,202001,Crestor,128576,93349,1.377369,,0.3,6600,,1,230000,0.1,0.194595,,1.795615,424063,1.843752,6555.123514,A4
CVRM,CV_C(B+C),,KBKS701,202001,Brilinta,133177,219348,0.607149,FALSE,0.7,0,结构内起奖不通过0.481026<0.6,1,230000,0.1,0.627174,,,,,,
CVRM,CV_C(B+C),,KBKS701,202001,Crestor,35057,130392,0.268859,FALSE,0.3,0,单产品起奖不通过,1,230000,0.1,0.372826,,,,,,
CVRM,CV_C(B+C),,KWZK662,202001,Brilinta,75187,96352,0.780337,,0.7,6600,,1,230000,0.1,0.419578,,0.590168,233715,1.016152,2770.617894,A1
CVRM,CV_C(B+C),,KWZK662,202001,Crestor,158528,133288,1.189364,,0.3,6600,,1,230000,0.1,0.580422,,1.473411,233715,1.016152,2964.475305,A3
CVRM,CV_C(B+C),,KFQK793,202001,Brilinta,83080,108445,0.766103,,0.7,6600,,1,230000,0.1,0.513218,,0.583051,141880,0.7,1885.587957,A1
CVRM,CV_C(B+C),,KFQK793,202001,Crestor,58800,102859,0.571656,FALSE,0.3,0,单产品起奖不通过,1,230000,0.1,0.486782,,,141880,,,
CVRM,CV_C(B+C),,KJWZ378,202001,Brilinta,31570,27648,1.141855,,0.7,6600,,1,230000,0.1,0.142045,,1.354637,151631,0.7,4380.895616,A3
CVRM,CV_C(B+C),,KJWZ378,202001,Crestor,120061,166994,0.718954,,0.3,6600,,1,230000,0.1,0.857955,,0.559477,151631,0.7,775.435104,A1
CVRM,CV_C(B+C),,KSNN181,202001,Brilinta,152923,166604,0.917883,,0.7,6600,,1,230000,0.1,0.656834,,0.835766,256650,1.11587,4308.640274,A2
CVRM,CV_C(B+C),,KSNN181,202001,Crestor,103727,87043,1.191675,,0.3,6600,,1,230000,0.1,0.343166,,1.479188,256650,1.11587,3268.151111,A3
CVRM,CV_C(B+C),,KHJJ135,202001,Brilinta,136833,160080,0.854779,,0.7,6600,,1,230000,0.1,0.741341,,0.709558,179283,0.779491,2555.29462,A2
CVRM,CV_C(B+C),,KHJJ135,202001,Crestor,42450,55853,0.760031,,0.3,6600,,1,230000,0.1,0.258659,,0.580015,179283,0.779491,895.191578,A1
CVRM,CV_C(B+C),,KWVD697,202001,Brilinta,88826,161439,0.550214,FALSE,0.7,0,单产品起奖不通过,1,230000,0.1,0.603436,,,,,,
CVRM,CV_C(B+C),,KWVD697,202001,Crestor,22393,106094,0.211068,FALSE,0.3,0,单产品起奖不通过,1,230000,0.1,0.396564,,,,,,
CVRM,CV_C(B+C),,KHBW552,202001,Brilinta,348497,304677,1.143824,,0.7,6600,,1,230000,0.1,0.871108,,1.359561,359980,1.56513,9830.85397,A3
CVRM,CV_C(B+C),,KHBW552,202001,Crestor,11483,45081,0.254719,FALSE,0.3,0,单产品起奖不通过,1,230000,0.1,0.128892,,,359980,,,
CVRM,CV_C(B+C),,KXWC909,202001,Brilinta,60907,143426,0.424658,FALSE,0.7,0,单产品起奖不通过,1,230000,0.1,0.730666,,,120610,,,
CVRM,CV_C(B+C),,KXWC909,202001,Crestor,59703,52869,1.129263,,0.3,6600,,1,230000,0.1,0.269334,,1.323157,120610,0.7,1833.895931,A3
CVRM,CV_C(B+C),,MR_C45840_V,202001,Brilinta,217213,231884,0.936731,,0.7,6600,,1,230000,0.1,0.729296,,0.873463,296420,1.288783,5200.749707,A2
CVRM,CV_C(B+C),,MR_C45840_V,202001,Crestor,79207,86072,0.920241,,0.3,6600,,1,230000,0.1,0.270704,,0.840482,296420,1.288783,2144.734184,A2
CVRM,CV_C(B+C),,KSRP357,202001,Brilinta,221131,229101,0.965212,,0.7,6600,,1,230000,0.1,0.722429,,0.930424,321175,1.396413,6002.56175,A2
CVRM,CV_C(B+C),,KSRP357,202001,Crestor,100044,88025,1.136541,,0.3,6600,,1,230000,0.1,0.277571,,1.341352,321175,1.396413,3708.700921,A3
CVRM,CV_C(B+C),,KKSF077,202001,Brilinta,119986,196489,0.61065,,0.7,6600,,1,230000,0.1,0.650596,,0.505325,191024,0.830539,1938.977823,A1
CVRM,CV_C(B+C),,KKSF077,202001,Crestor,71038,105525,0.673186,,0.3,6600,,1,230000,0.1,0.349404,,0.536593,191024,0.830539,882.410107,A1
CVRM,CV_C(B+C),,KMSM408,202001,Brilinta,164712,108636,1.516182,,0.7,6600,,1,230000,0.1,0.708317,,2,573251,2,18480,
CVRM,CV_C(B+C),,KMSM408,202001,Crestor,408539,44736,9.13222,,0.3,6600,,1,230000,0.1,0.291683,,2,573251,2,7920,
CVRM,CV_C(B+C),,KRWT517,202001,Brilinta,165828,152338,1.088553,,0.7,6600,,1,230000,0.1,0.658796,,1.221383,287888,1.251687,7063.004316,A3
CVRM,CV_C(B+C),,KRWT517,202001,Crestor,122060,78899,1.547041,,0.3,6600,,1,230000,0.1,0.341204,,2,287888,1.251687,4956.680348,
CVRM,CV_C(B+C),,KSXK826,202001,Brilinta,190419,143594,1.326093,,0.7,6600,,1,230000,0.1,0.5242,,1.710155,352957,1.534596,12124.71164,A4
CVRM,CV_C(B+C),,KSXK826,202001,Crestor,162538,130336,1.247069,,0.3,6600,,1,230000,0.1,0.4758,,1.578449,352957,1.534596,4796.114876,A4
CVRM,CV_C(B+C),,KSQP801,202001,Brilinta,147052,133297,1.103191,,0.7,6600,,1,230000,0.1,0.719781,,1.257977,233752,1.016313,5906.660643,A3
CVRM,CV_C(B+C),,KSQP801,202001,Crestor,86700,51894,1.670713,,0.3,6600,,1,230000,0.1,0.280219,,2,233752,1.016313,4024.599652,
CVRM,CV_C(B+C),,KKZN259,202001,Brilinta,121131,104680,1.157155,,0.7,6600,,1,230000,0.1,0.872137,,1.392888,124099,0.7,4504.599303,A3
CVRM,CV_C(B+C),,KKZN259,202001,Crestor,2968,15347,0.193393,FALSE,0.3,0,单产品起奖不通过,1,230000,0.1,0.127863,,,124099,,,
CVRM,CV_C(B+C),,MR_C45972_V,202001,Brilinta,61272,148022,0.413938,FALSE,0.7,0,单产品起奖不通过,1,230000,0.1,0.706492,,,127910,,,
CVRM,CV_C(B+C),,MR_C45972_V,202001,Crestor,66638,61495,1.083633,,0.3,6600,,1,230000,0.1,0.293508,,1.209082,127910,0.7,1675.787706,A3
CVRM,CV_C(B+C),,KGFN294,202001,Brilinta,95638,94571,1.011283,,0.7,6600,,1,230000,0.1,0.759186,,1.028206,127511,0.7,3325.219243,A3
CVRM,CV_C(B+C),,KGFN294,202001,Crestor,31873,29998,1.062504,,0.3,6600,,1,230000,0.1,0.240814,,1.15626,127511,0.7,1602.576938,A3
CVRM,CV_C(B+C),,KHCP235,202001,Brilinta,181197,168924,1.072654,,0.7,6600,,1,230000,0.1,0.521588,,1.181635,304422,1.323574,7225.593036,A3
CVRM,CV_C(B+C),,KHCP235,202001,Crestor,123225,154941,0.795303,,0.3,6600,,1,230000,0.1,0.478412,,0.597651,304422,1.323574,1566.250794,A1
CVRM,CV_C(B+C),,KKBK121,202001,Brilinta,29660,184199,0.161022,FALSE,0.7,0,单产品起奖不通过,1,230000,0.1,0.706173,,,204097,,,
CVRM,CV_C(B+C),,KKBK121,202001,Crestor,174437,76642,2.275997,,0.3,6600,,1,230000,0.1,0.293827,,2,204097,0.887378,3514.017913,
CVRM,CV_C(B+C),,KZWS509,202001,Brilinta,92468,120804,0.765438,,0.7,6600,,1,230000,0.1,0.519972,,0.582719,169885,0.73863,1988.513019,A1
CVRM,CV_C(B+C),,KZWS509,202001,Crestor,77417,111524,0.694173,,0.3,6600,,1,230000,0.1,0.480028,,0.547087,169885,0.73863,800.107914,A1
CVRM,CV_C(B+C),,KVPT663,202001,Brilinta,161175,209149,0.770623,,0.7,6600,,1,230000,0.1,0.848681,,0.585311,180855,0.786326,2126.334882,A1
CVRM,CV_C(B+C),,KVPT663,202001,Crestor,19680,37291,0.527741,FALSE,0.3,0,单产品起奖不通过,1,230000,0.1,0.151319,,,180855,,,
CVRM,CV_C(B+C),,KSTM670,202001,Brilinta,183325,264327,0.693554,FALSE,0.7,0,结构内起奖不通过0.5867<0.6,1,230000,0.1,0.54507,,,,,,
CVRM,CV_C(B+C),,KSTM670,202001,Crestor,101190,220614,0.458674,FALSE,0.3,0,单产品起奖不通过,1,230000,0.1,0.45493,,,,,,
CVRM,CV_C(B+C),,KBGM186,202001,Brilinta,286903,312207,0.918951,,0.7,6600,,1,230000,0.1,0.583598,,0.837902,862004,2,7742.218336,A2
CVRM,CV_C(B+C),,KBGM186,202001,Crestor,575101,222762,2.581684,,0.3,6600,,1,230000,0.1,0.416402,,2,862004,2,7920,
CVRM,CV_C(B+C),,KLZR040,202001,Brilinta,97868,96004,1.019416,,0.7,6600,,1,230000,0.1,0.839555,,1.04854,113593,0.7,3390.977209,A3
CVRM,CV_C(B+C),,KLZR040,202001,Crestor,15725,18347,0.857088,,0.3,6600,,1,230000,0.1,0.160445,,0.714177,113593,0.7,989.848913,A2
CVRM,CV_C(B+C),,KNJB977,202001,Brilinta,110909,61026,1.817406,,0.7,6600,,1,230000,0.1,0.38877,,2,183590,0.798217,7375.528696,
CVRM,CV_C(B+C),,KNJB977,202001,Crestor,72681,95946,0.75752,,0.3,6600,,1,230000,0.1,0.61123,,0.57876,183590,0.798217,914.712954,A1
CVRM,CV_C(B+C),,KSFH679,202001,Brilinta,145469,66385,2.191293,,0.7,6600,,1,230000,0.1,0.265037,,2,325090,1.413435,13060.13739,
CVRM,CV_C(B+C),,KSFH679,202001,Crestor,179621,184089,0.975729,,0.3,6600,,1,230000,0.1,0.734963,,0.951458,325090,1.413435,2662.751919,A2
CVRM,CV_C(B+C),,KFLG371,202001,Brilinta,140239,164698,0.851492,,0.7,6600,,1,230000,0.1,0.706649,,0.702984,224241,0.974961,3166.462732,A2
CVRM,CV_C(B+C),,KFLG371,202001,Crestor,84002,68371,1.22862,,0.3,6600,,1,230000,0.1,0.293351,,1.547701,224241,0.974961,2987.715971,A4
CVRM,CV_C(B+C),,KWLH035,202001,Brilinta,180284,165652,1.08833,,0.7,6600,,1,230000,0.1,0.685464,,1.220824,260834,1.134061,6396.339904,A3
CVRM,CV_C(B+C),,KWLH035,202001,Crestor,80550,76012,1.059701,,0.3,6600,,1,230000,0.1,0.314536,,1.149253,260834,1.134061,2580.578694,A3
CVRM,CV_C(B+C),,KRNF667,202001,Brilinta,122958,96092,1.279586,,0.7,6600,,1,230000,0.1,0.364659,,1.632644,296933,1.291013,9737.87122,A4
CVRM,CV_C(B+C),,KRNF667,202001,Crestor,173975,167420,1.039153,,0.3,6600,,1,230000,0.1,0.635341,,1.097883,296933,1.291013,2806.413824,A3
CVRM,CV_C(B+C),,KXBH434,202001,Brilinta,88148,135097,0.652479,FALSE,0.7,0,结构内起奖不通过0.232726<0.6,1,230000,0.1,0.388242,,,,,,
CVRM,CV_C(B+C),,KXBH434,202001,Crestor,-7166,212874,-0.033663,FALSE,0.3,0,单产品起奖不通过,1,230000,0.1,0.611758,,,,,,
CVRM,CV_C(B+C),,KQHC613,202001,Brilinta,74561,119942,0.621642,,0.7,6600,,1,230000,0.1,0.491064,,0.510821,177939,0.773648,1825.803697,A1
CVRM,CV_C(B+C),,KQHC613,202001,Crestor,103378,124307,0.831635,,0.3,6600,,1,230000,0.1,0.508936,,0.663269,177939,0.773648,1016.010759,A2
CVRM,CV_C(B+C),,KRVL823,202001,Brilinta,135836,137243,0.989748,,0.7,6600,,1,230000,0.1,0.531958,,0.979496,156705,0.7,3167.690782,A2
CVRM,CV_C(B+C),,KRVL823,202001,Crestor,20869,120753,0.172824,FALSE,0.3,0,单产品起奖不通过,1,230000,0.1,0.468042,,,156705,,,
CVRM,CV_C(B+C),,MR_C46475_V,202001,Brilinta,34325,26230,1.308616,,0.7,6600,,1,230000,0.1,0.441026,,1.681027,69648,0.7,5436.440717,A4
CVRM,CV_C(B+C),,MR_C46475_V,202001,Crestor,35323,33245,1.062506,,0.3,6600,,1,230000,0.1,0.558974,,1.156264,69648,0.7,1602.582042,A3
CVRM,CV_C(B+C),,MR_C46503_V,202001,Brilinta,137996,110174,1.252528,FALSE,0.7,0,结构内起奖不通过0.207298<0.6,1,230000,0.1,0.32995,,,,,,
CVRM,CV_C(B+C),,MR_C46503_V,202001,Crestor,-68777,223737,-0.307401,FALSE,0.3,0,单产品起奖不通过,1,230000,0.1,0.67005,,,,,,
CVRM,CV_C(B+C),,KWCZ584,202001,Brilinta,136574,132817,1.028287,,0.7,6600,,1,230000,0.1,0.358924,,1.070718,328134,1.42667,7057.328209,A3
CVRM,CV_C(B+C),,KWCZ584,202001,Crestor,191560,237225,0.807503,,0.3,6600,,1,230000,0.1,0.641076,,0.615007,328134,1.42667,1737.27488,A2
CVRM,CV_C(B+C),,KJZR642,202001,Brilinta,20770,42404,0.489812,FALSE,0.7,0,单产品起奖不通过,1,230000,0.1,0.304316,,,149429,,,
CVRM,CV_C(B+C),,KJZR642,202001,Crestor,128659,96938,1.32723,,0.3,6600,,1,230000,0.1,0.695684,,1.71205,149429,0.7,2372.900782,A4
CVRM,CV_C(B+C),,KSHG129,202001,Brilinta,68126,76228,0.893714,FALSE,0.7,0,结构内起奖不通过0.586269<0.6,1,230000,0.1,0.430657,,,,,,
CVRM,CV_C(B+C),,KSHG129,202001,Crestor,35646,100776,0.353715,FALSE,0.3,0,单产品起奖不通过,1,230000,0.1,0.569343,,,,,,
CVRM,CV_C(B+C),,KQGQ794,202001,Brilinta,115826,142851,0.810817,,0.7,6600,,1,230000,0.1,0.5127,,0.621634,243211,1.057439,3036.91002,A2
CVRM,CV_C(B+C),,KQGQ794,202001,Crestor,127385,135774,0.938214,,0.3,6600,,1,230000,0.1,0.4873,,0.876427,243211,1.057439,1835.001053,A2
CVRM,CV_C(B+C),,KQMV811,202001,Brilinta,107339,147627,0.727096,,0.7,6600,,1,230000,0.1,0.756972,,0.563548,152339,0.7,1822.514219,A1
CVRM,CV_C(B+C),,KQMV811,202001,Crestor,45000,47396,0.949447,,0.3,6600,,1,230000,0.1,0.243028,,0.898894,152339,0.7,1245.867668,A2
CVRM,CV_C(B+C),,KMHT570,202001,Brilinta,290780,244951,1.187095,,0.7,6600,,1,230000,0.1,0.706997,,1.467736,326780,1.420783,9634.244732,A3
CVRM,CV_C(B+C),,KMHT570,202001,Crestor,36000,101516,0.354624,FALSE,0.3,0,单产品起奖不通过,1,230000,0.1,0.293003,,,326780,,,
CVRM,CV_C(B+C),,KKFC003,202001,Brilinta,124168,161791,0.767459,,0.7,6600,,1,230000,0.1,0.822372,,0.58373,183136,0.796243,2147.333996,A1
CVRM,CV_C(B+C),,KKFC003,202001,Crestor,58968,34946,1.687403,,0.3,6600,,1,230000,0.1,0.177628,,2,183136,0.796243,3153.124174,
CVRM,CV_C(B+C),,KBHD301,202001,Brilinta,139076,162791,0.854322,,0.7,6600,,1,230000,0.1,0.900687,,0.708645,160534,0.7,2291.75737,A2
CVRM,CV_C(B+C),,KBHD301,202001,Crestor,21458,17950,1.195432,,0.3,6600,,1,230000,0.1,0.099313,,1.488579,160534,0.7,2063.171031,A3
CVRM,CV_C(B+C),,KVQR428,202001,Brilinta,54999,42567,1.292057,,0.7,6600,,1,230000,0.1,0.364097,,1.653429,138602,0.7,5347.188456,A4
CVRM,CV_C(B+C),,KVQR428,202001,Crestor,83603,74344,1.124543,,0.3,6600,,1,230000,0.1,0.635903,,1.311357,138602,0.7,1817.54034,A3
CVRM,CV_C(B+C),,MR_C46611_V,202001,Brilinta,54310,178524,0.304217,FALSE,0.7,0,单产品起奖不通过,1,230000,0.1,0.363414,,,,,,
CVRM,CV_C(B+C),,MR_C46611_V,202001,Crestor,53358,312718,0.170627,FALSE,0.3,0,单产品起奖不通过,1,230000,0.1,0.636586,,,,,,
CVRM,CV_C(B+C),,KHRW724,202001,Brilinta,65633,105288,0.623366,,0.7,6600,,1,230000,0.1,0.896755,,0.511683,122583,0.7,1654.783445,A1
CVRM,CV_C(B+C),,KHRW724,202001,Crestor,56950,12122,4.69807,,0.3,6600,,1,230000,0.1,0.103245,,2,122583,0.7,2772,
CVRM,CV_C(B+C),,KTSG673,202001,Brilinta,207182,213541,0.970221,,0.7,6600,,1,230000,0.1,0.667526,,0.940442,418851,1.821091,7912.357008,A2
CVRM,CV_C(B+C),,KTSG673,202001,Crestor,211669,106358,1.990156,,0.3,6600,,1,230000,0.1,0.332474,,2,418851,1.821091,7211.521565,
CVRM,CV_C(B+C),,MR_C46621_V,202001,Brilinta,217213,231884,0.936731,,0.7,6600,,1,230000,0.1,0.729296,,0.873463,296420,1.288783,5200.749707,A2
CVRM,CV_C(B+C),,MR_C46621_V,202001,Crestor,79207,86072,0.920241,,0.3,6600,,1,230000,0.1,0.270704,,0.840482,296420,1.288783,2144.734184,A2
CVRM,CV_C(B+C),,KJJS636,202001,Brilinta,92440,99683,0.92734,FALSE,0.7,0,结构内起奖不通过0.439876<0.6,1,230000,0.1,0.258832,,,,,,
CVRM,CV_C(B+C),,KJJS636,202001,Crestor,76968,285444,0.269643,FALSE,0.3,0,单产品起奖不通过,1,230000,0.1,0.741168,,,,,,
CVRM,CV_C(B+C),,KWTX363,202001,Brilinta,35657,82776,0.430765,FALSE,0.7,0,单产品起奖不通过,1,230000,0.1,0.426263,,,,,,
CVRM,CV_C(B+C),,KWTX363,202001,Crestor,32241,111414,0.28938,FALSE,0.3,0,单产品起奖不通过,1,230000,0.1,0.573737,,,,,,
CVRM,CV_C(B+C),,KBTL341,202001,Brilinta,133010,172741,0.769997,,0.7,6600,,1,230000,0.1,0.528336,,0.584998,447963,1.947665,5263.939937,A1
CVRM,CV_C(B+C),,KBTL341,202001,Crestor,314953,154212,2.042338,,0.3,6600,,1,230000,0.1,0.471664,,2,447963,1.947665,7712.754261,
CVRM,CV_C(B+C),,KRCF655,202001,Brilinta,40128,54221,0.740082,FALSE,0.7,0,结构内起奖不通过0.483209<0.6,1,230000,0.1,0.591558,,,,,,
CVRM,CV_C(B+C),,KRCF655,202001,Crestor,4162,37437,0.111173,FALSE,0.3,0,单产品起奖不通过,1,230000,0.1,0.408442,,,,,,
CVRM,CV_C(B+C),,KDSP182,202001,Brilinta,328092,243517,1.347306,,0.7,6600,,1,230000,0.1,0.710884,,1.745511,605853,2,16128.51776,A4
CVRM,CV_C(B+C),,KDSP182,202001,Crestor,277761,99038,2.80459,,0.3,6600,,1,230000,0.1,0.289116,,2,605853,2,7920,
CVRM,CV_C(B+C),,KGBJ622,202001,Brilinta,6646,21698,0.306296,FALSE,0.7,0,单产品起奖不通过,1,230000,0.1,0.109148,,,204750,,,
CVRM,CV_C(B+C),,KGBJ622,202001,Crestor,198104,177097,1.118619,,0.3,6600,,1,230000,0.1,0.890852,,1.296547,204750,0.890217,2285.332366,A3
CVRM,CV_C(B+C),,KMJS250,202001,Brilinta,38217,35245,1.084324,,0.7,6600,,1,230000,0.1,0.15231,,1.21081,438435,1.906239,10663.3919,A3
CVRM,CV_C(B+C),,KMJS250,202001,Crestor,400218,196158,2.040284,,0.3,6600,,1,230000,0.1,0.84769,,2,438435,1.906239,7548.706957,
CVRM,CV_C(B+C),,MR_C46861_V,202001,Crestor,44425,222694,0.199489,FALSE,1,0,单产品起奖不通过,1,230000,0.1,0.938243,,,,,,
CVRM,CV_C(B+C),,KLBW771,202001,Brilinta,60648,62310,0.973327,,0.7,6600,,1,230000,0.1,0.400558,,0.946654,137580,0.7,3061.478479,A2
CVRM,CV_C(B+C),,KLBW771,202001,Crestor,76932,93248,0.825026,,0.3,6600,,1,230000,0.1,0.599442,,0.650051,137580,0.7,900.971345,A2
CVRM,CV_C(B+C),,KMPX290,202001,Brilinta,95745,126474,0.757033,,0.7,6600,,1,230000,0.1,0.725619,,0.578517,181573,0.789448,2109.993821,A1
CVRM,CV_C(B+C),,KMPX290,202001,Crestor,85828,47824,1.794664,,0.3,6600,,1,230000,0.1,0.274381,,2,181573,0.789448,3126.213391,
CVRM,CV_C(B+C),,KQFZ862,202001,Brilinta,134673,140811,0.95641,,0.7,6600,,1,230000,0.1,0.554986,,0.912819,206673,0.898578,3789.506901,A2
CVRM,CV_C(B+C),,KQFZ862,202001,Crestor,72000,112909,0.637682,,0.3,6600,,1,230000,0.1,0.445014,,0.518841,206673,0.898578,923.113811,A1
CVRM,CV_C(B+C),,MR_C47109_V,202001,Brilinta,75635,163484,0.462645,FALSE,0.7,0,单产品起奖不通过,1,230000,0.1,0.637548,,,267458,,,
CVRM,CV_C(B+C),,MR_C47109_V,202001,Crestor,191823,92942,2.0639,,0.3,6600,,1,230000,0.1,0.362452,,2,267458,1.162861,4604.929043,
CVRM,CV_C(B+C),,KWQG270,202001,Brilinta,196604,218781,0.898634,,0.7,6600,,1,230000,0.1,0.865897,,0.797268,270899,1.177822,4338.360624,A2
CVRM,CV_C(B+C),,KWQG270,202001,Crestor,74295,33883,2.192693,,0.3,6600,,1,230000,0.1,0.134103,,2,270899,1.177822,4664.174087,
CVRM,CV_C(B+C),,KFVX710,202001,Brilinta,197149,179050,1.101083,,0.7,6600,,1,230000,0.1,0.859693,,1.252709,290216,1.261809,7302.735973,A3
CVRM,CV_C(B+C),,KFVX710,202001,Crestor,93067,29222,3.184827,,0.3,6600,,1,230000,0.1,0.140307,,2,290216,1.261809,4996.762435,
CVRM,CV_C(B+C),,KRKF160,202001,Brilinta,250625,237725,1.054264,,0.7,6600,,1,230000,0.1,0.759828,,1.135661,382820,1.664435,8732.879191,A3
CVRM,CV_C(B+C),,KRKF160,202001,Crestor,132195,75142,1.759269,,0.3,6600,,1,230000,0.1,0.240172,,2,382820,1.664435,6591.161739,
CVRM,CV_C(B+C),,MR_C47171_V,202001,Brilinta,22099,19325,1.143545,FALSE,0.7,0,结构内起奖不通过0.329085<0.6,1,230000,0.1,0.147938,,,,,,
CVRM,CV_C(B+C),,MR_C47171_V,202001,Crestor,20889,111304,0.187675,FALSE,0.3,0,单产品起奖不通过,1,230000,0.1,0.852062,,,,,,
CVRM,CV_C(B+C),,MR_C47179_V,202001,Brilinta,69787,77458,0.900966,,0.7,6600,,1,230000,0.1,0.374103,,0.801931,147581,0.7,2593.446048,A2
CVRM,CV_C(B+C),,MR_C47179_V,202001,Crestor,77794,129592,0.600299,,0.3,6600,,1,230000,0.1,0.625897,,0.50015,147581,0.7,693.207485,A1
CVRM,CV_C(B+C),,MR_C47185_V,202001,Brilinta,134008,87077,1.53896,,0.7,6600,,1,230000,0.1,0.457203,,2,206808,0.899165,8308.286609,
CVRM,CV_C(B+C),,MR_C47185_V,202001,Crestor,72800,103379,0.704205,,0.3,6600,,1,230000,0.1,0.542797,,0.552102,206808,0.899165,982.934027,A1
CVRM,CV_C(B+C),,MR_C47186_V,202001,Brilinta,113820,73989,1.538337,FALSE,0.7,0,结构内起奖不通过0.438174<0.6,1,230000,0.1,0.188106,,,,,,
CVRM,CV_C(B+C),,MR_C47186_V,202001,Crestor,58530,319348,0.18328,FALSE,0.3,0,单产品起奖不通过,1,230000,0.1,0.811894,,,,,,
CVRM,CV_C(B+C),,KDRS266,202001,Brilinta,66055,39456,1.674143,,0.7,6600,,1,230000,0.1,0.296945,,2,135649,0.7,6468,
CVRM,CV_C(B+C),,KDRS266,202001,Crestor,69594,93417,0.744982,,0.3,6600,,1,230000,0.1,0.703055,,0.572491,135649,0.7,793.472648,A1
CVRM,CV_C(B+C),,KJVN683,202001,Brilinta,129395,128608,1.006119,,0.7,6600,,1,230000,0.1,0.797787,,1.015298,245527,1.067509,5007.340332,A3
CVRM,CV_C(B+C),,KJVN683,202001,Crestor,116132,32598,3.56255,,0.3,6600,,1,230000,0.1,0.202213,,2,245527,1.067509,4227.334435,
CVRM,CV_C(B+C),,KDFG433,202001,Brilinta,141622,81411,1.739593,,0.7,6600,,1,230000,0.1,0.658085,,2,342458,1.488948,13757.87791,
CVRM,CV_C(B+C),,KDFG433,202001,Crestor,200836,42298,4.74812,,0.3,6600,,1,230000,0.1,0.341915,,2,342458,1.488948,5896.233391,
CVRM,CV_C(B+C),,KSVC250,202001,Brilinta,34820,87675,0.397149,FALSE,0.7,0,单产品起奖不通过,1,230000,0.1,0.284202,,,,,,
CVRM,CV_C(B+C),,KSVC250,202001,Crestor,138406,220820,0.626782,FALSE,0.3,0,结构内起奖不通过0.56152<0.6,1,230000,0.1,0.715798,,,,,,
CVRM,CV_C(B+C),,KHPF656,202001,Brilinta,189007,133296,1.41795,,0.7,6600,,1,230000,0.1,0.740826,,1.863249,225314,0.979626,8432.8284,A4
CVRM,CV_C(B+C),,KHPF656,202001,Crestor,36307,46633,0.778569,,0.3,6600,,1,230000,0.1,0.259174,,0.589284,225314,0.979626,1143.011198,A1
CVRM,CV_C(B+C),,KLNJ996,202001,Brilinta,246498,171381,1.438304,,0.7,6600,,1,230000,0.1,0.704941,,1.897174,293686,1.276896,11191.91607,A4
CVRM,CV_C(B+C),,KLNJ996,202001,Crestor,47188,71733,0.657828,,0.3,6600,,1,230000,0.1,0.295059,,0.528914,293686,1.276896,1337.229038,A1
CVRM,CV_C(B+C),,MR_C47307_V,202001,Brilinta,26896,176606,0.152294,FALSE,0.7,0,单产品起奖不通过,1,230000,0.1,0.412211,,,,,,
CVRM,CV_C(B+C),,MR_C47307_V,202001,Crestor,86700,251830,0.34428,FALSE,0.3,0,单产品起奖不通过,1,230000,0.1,0.587789,,,,,,
CVRM,CV_C(B+C),,MR_C47309_V,202001,Brilinta,6646,72145,0.09212,FALSE,0.7,0,单产品起奖不通过,1,230000,0.1,0.226366,,,,,,
CVRM,CV_C(B+C),,MR_C47309_V,202001,Crestor,95027,246565,0.385403,FALSE,0.3,0,单产品起奖不通过,1,230000,0.1,0.773634,,,,,,
CVRM,CV_C(B+C),,MR_C47359_V,202001,Brilinta,76924,54017,1.42407,,0.7,6600,,1,230000,0.1,0.595189,,1.87345,88527,0.7,6058.738379,A4
CVRM,CV_C(B+C),,MR_C47359_V,202001,Crestor,11603,36739,0.315822,FALSE,0.3,0,单产品起奖不通过,1,230000,0.1,0.404811,,,88527,,,
CVRM,CV_C(B+C),,MR_C47361_V,202001,Brilinta,184936,84661,2.18443,,0.7,6600,,1,230000,0.1,0.5523,,2,312205,1.357413,12542.49652,
CVRM,CV_C(B+C),,MR_C47361_V,202001,Crestor,127269,68627,1.854503,,0.3,6600,,1,230000,0.1,0.4477,,2,312205,1.357413,5375.355652,
CVRM,CV_C(B+C),,KHPM368,202001,Brilinta,119303,96788,1.232622,,0.7,6600,,1,230000,0.1,0.361058,,1.55437,222802,0.968704,6956.447997,A4
CVRM,CV_C(B+C),,KHPM368,202001,Crestor,103499,171280,0.604268,,0.3,6600,,1,230000,0.1,0.638942,,0.502134,222802,0.968704,963.110261,A1
CVRM,CV_C(B+C),,MR_C47574_V,202001,Brilinta,46713,86681,0.538907,FALSE,0.7,0,单产品起奖不通过,1,230000,0.1,0.337457,,,182538,,,
CVRM,CV_C(B+C),,MR_C47574_V,202001,Crestor,135825,170184,0.798107,,0.3,6600,,1,230000,0.1,0.662543,,0.599053,182538,0.793643,941.360916,A1
